CustomerID,CustomerName,Email,JoinDate,Location
1,"Kerri Johnson",ysmith@gmail.com,2023-12-03,"Port Andrewborough"
2,"Collin Rodriguez",aharris@peterson.com,2024-03-27,"South Lauren"
3,"Scott Kline",nancy68@sandoval.com,2024-06-02,Perrymouth
4,"Brandy Pena",vickiewhite@gmail.com,2025-04-15,"Lake Kimberg"
5,"Mr. Christopher Nelson",john48@lopez.com,2023-10-26,Elliston
6,"Mario Parker",johnsonmatthew@yahoo.com,2023-08-15,"South Vanessaview"
7,"Stephanie Glenn",wilcoxedwin@shepard.com,2024-05-28,"North Donaldstad"
8,"Steven Bradford",iwebb@hotmail.com,2023-07-12,Mccallhaven
9,"Pamela Schmidt",peggy27@barron-gardner.com,2024-02-06,Lopezhaven
10,"Jill Charles",jimmy05@yahoo.com,2025-04-25,Jonestown
11,"Allen Barnes",briandoyle@yahoo.com,2025-06-06,"South James"
12,"Nicholas Thomas",sancheznoah@khan.com,2023-11-10,"Lake Wendy"
13,"Justin Cox",nancywilson@poole-woods.com,2024-12-24,"Port Chad"
14,"Brandon Parrish",atkinserin@hotmail.com,2024-09-19,"East Ricky"
15,"Courtney Stanley",harrymcfarland@yahoo.com,2024-02-23,Howardshire
16,"Victor Sanchez",gardnerdrew@henderson.org,2025-03-26,Mercerbury
17,"Jason Pena",jeremyhuff@pruitt.net,2023-09-01,Kristenstad
18,"Victor Martin",andrewmercado@logan.com,2025-03-08,Sonyafort
19,"Raymond Hayes",ufletcher@fernandez-anderson.info,2025-05-03,"New Dylantown"
20,"Christopher Peck",lcarter@hotmail.com,2023-11-27,Taylorberg
21,"Renee Haynes",bakerlisa@smith.com,2025-04-01,Gilbertport
22,"Jamie Walker",tony20@gmail.com,2025-02-12,"West Morganton"
23,"Bonnie Flynn",stewarterica@hotmail.com,2025-02-13,"West Nicolestad"
24,"Todd Peterson",susan94@hotmail.com,2023-12-16,Michaelburgh
25,"Anthony Martinez",jamesryan@fernandez.com,2024-03-26,Hardinton
26,"Austin Nguyen",reginaldsmith@hotmail.com,2024-09-17,"New Meghan"
27,"Jonathan Brown",walkermegan@gray.biz,2024-10-31,Audreyside
28,"Lee Small",brownlisa@hotmail.com,2024-10-07,Doylefort
29,"Peter Gill",stacy58@yahoo.com,2025-05-24,"North Justinchester"
30,"Michael Goodman",jamesgreene@carter.com,2024-07-31,Hayesmouth
31,"Cynthia Montgomery",stacy30@lewis.com,2024-08-21,Jamestown
32,"Robert Small",calhounallison@schneider.com,2025-02-08,"East Charles"
33,"Thomas Cameron",racheljames@hotmail.com,2023-12-03,Nicholsonberg
34,"Andres Frank",vallen@turner.biz,2023-08-04,Pamelaport
35,"Yesenia Newton",robertjohnson@miles.org,2024-10-02,"Port Lisaside"
36,"John Bauer",ccook@parker.net,2024-05-16,Lindaburgh
37,"Kimberly Rodriguez",oliverkimberly@griffin.org,2024-04-11,"Lake Sharonland"
38,"Daniel Hall",smithjeffrey@johnson.com,2023-11-15,Jonesview
39,"Kristina Alexander",sarahgibbs@rodriguez-spencer.com,2025-02-04,Christopherton
40,"Olivia Carpenter",apriljohnson@yahoo.com,2024-10-12,"South Angelaburgh"
41,"Ann Gardner",danieljennifer@smith-kaufman.com,2024-06-06,Arellanoland
42,"Jacob Rose",bryanhutchinson@hernandez-robbins.com,2025-02-08,"East Andreaport"
43,"Susan Murphy",luisbrown@yahoo.com,2023-11-03,"Lake Jasmine"
44,"Robert Newman",erik05@gmail.com,2023-09-05,Jasonside
45,"Michael Morgan",elizabethmiles@marshall.com,2023-07-08,"East Kyleborough"
46,"Matthew Fuller",smithmichelle@hotmail.com,2024-12-15,Kellyfort
47,"Kevin Keller",dunlaplogan@hotmail.com,2024-12-21,"Lake Donaldfurt"
48,"Joshua Terrell",diazelizabeth@gmail.com,2024-01-10,"West Heather"
49,"Kristy Austin",qwest@nichols.com,2023-12-21,"Lake Jessicachester"
50,"Kaitlin Barnes",crystal92@hotmail.com,2024-06-15,Thomasport
51,"Donna Taylor",kristen09@watts-nelson.com,2023-08-19,Buchananland
52,"Steve Tran",heather22@howell.com,2025-05-17,Williamsland
53,"Benjamin Smith",meganjohnson@hampton.com,2024-06-10,Cochranland
54,"Lauren Rodriguez",awilliams@maxwell.com,2023-10-10,Kellybury
55,"Andrew Carter",wmullen@hotmail.com,2023-10-04,Bondville
56,"Morgan Bradley",anthony61@nelson.com,2024-02-21,Ronaldchester
57,"Lucas Roth",millerbradley@yahoo.com,2024-06-14,Barneston
58,"Alan Li",stephenpetty@gmail.com,2025-02-17,Jimenezshire
59,"Clayton Reynolds",fischerjessica@zimmerman.com,2025-01-25,Bennetthaven
60,"Charles Garza",lovejeremy@murray.com,2025-04-19,Joshualand
61,"Lisa Santiago",jimmycortez@hotmail.com,2023-06-30,"New Matthew"
62,"John Green",amanda04@gmail.com,2023-12-20,"East Robertville"
63,"Julia Johnson",romanjennifer@gmail.com,2025-04-29,"Port Kevin"
64,"Lori Bernard",kanejessica@barnes.info,2024-04-17,Guzmanhaven
65,"April Navarro",wsimpson@hotmail.com,2025-04-10,"West Martin"
66,"David Lopez",genglish@hotmail.com,2024-08-14,Ryanshire
67,"Jessica Williams",jfrey@hotmail.com,2024-06-19,Baileyshire
68,"Timothy Miller",madisonjackson@carson.com,2024-01-29,Kirbyburgh
69,"James Brown",shannontaylor@morgan-mcgrath.com,2023-07-28,"East Davidburgh"
70,"Carrie Moore",fsmith@johnson.net,2025-04-04,"South Annebury"
71,"Luis Lewis",robertshaw@blake.com,2025-03-23,Christianland
72,"Emma Jordan",rodriguezrobert@bond-perez.com,2024-01-13,Brooksborough
73,"Jennifer Rivera",gwelch@cortez.biz,2024-03-23,"West Johnshire"
74,"Jordan Conway",vbyrd@velasquez.com,2024-09-05,Curtisville
75,"Taylor Murray",clarkedavid@torres.com,2024-04-05,Christyton
76,"Karen Stephenson",raymond08@wu.org,2023-07-06,Avilatown
77,"Stephen Obrien",patricia62@perez-smith.com,2023-08-17,Donnashire
78,"Nancy Weaver",powellmegan@deleon-cummings.com,2023-07-06,Morganland
79,"Richard Hall",pettychristopher@yahoo.com,2023-12-15,Michaelview
80,"Christy Bennett",kayla73@williams.com,2024-11-02,Emilyport
81,"Cindy Riley",adrianabrown@kelly-henry.info,2024-02-05,Gonzalezmouth
82,"Raymond Hamilton",briannahenderson@jackson.biz,2023-11-19,Smithberg
83,"Meghan Thomas",gordonshannon@hotmail.com,2025-02-13,Mitchellview
84,"Denise Hansen",ilewis@gmail.com,2024-03-12,Petersshire
85,"Lisa Glover",sanfordveronica@yahoo.com,2023-10-24,"West Kennethburgh"
86,"Alan Cortez",asmith@hotmail.com,2023-11-22,Jenniferchester
87,"Jennifer Navarro",stephanie14@gmail.com,2025-01-15,Evansland
88,"David Ward",butlerlarry@gmail.com,2023-10-05,Mckenzieville
89,"Donald Stephens",hreed@yahoo.com,2024-03-06,Lisabury
90,"Tiffany Davis",allenphilip@hotmail.com,2025-05-16,Fisherchester
91,"Sharon Jones",jphillips@hotmail.com,2025-01-25,"East Morgan"
92,"Luis Gregory PhD",codylogan@solis.com,2024-07-05,"Lake Steven"
93,"Samantha Thompson",william92@gonzalez.com,2023-10-17,"West Jasonchester"
94,"Norma Miles",leslie63@harvey.com,2025-01-24,Hamiltontown
95,"Rebecca Rodgers",jeffreywatson@bryan.com,2025-04-06,Stacybury
96,"Brandon Ryan",dale28@henson-lee.com,2024-11-12,Maryton
97,"Jeffrey Stevens",tamara36@rivera.com,2024-05-29,"East Laurenmouth"
98,"Cassandra Hicks DDS",smithmatthew@yahoo.com,2024-07-15,Marioside
99,"Stephanie Mcdaniel",montgomerykimberly@martinez.com,2023-07-15,Lisaborough
100,"Karla Franco",kathryn20@brown.biz,2023-08-14,Curryview
